<?xml version="1.0" encoding="UTF-8"?>
<classpath>
	<classpathentry kind="src" path="src"/>
	<classpathentry kind="con" path="org.eclipse.jdt.launching.JRE_CONTAINER/org.eclipse.jdt.internal.debug.ui.launcher.StandardVMType/JavaSE-1.8">
		<attributes>
			<attribute name="owner.project.facets" value="java"/>
		</attributes>
	</classpathentry>
	<classpathentry kind="con" path="org.eclipse.jst.j2ee.internal.web.container"/>
	<classpathentry kind="con" path="org.eclipse.jst.j2ee.internal.module.container"/>
	<classpathentry kind="lib" path="F:/project mining/images/javax.servlet-api.jar"/>
	<classpathentry kind="lib" path="F:/project mining/apache-jena-3.1.1/lib/collection-0.6.jar"/>
	<classpathentry kind="lib" path="F:/project mining/apache-jena-3.1.1/lib/commons-cli-1.3.jar"/>
	<classpathentry kind="lib" path="F:/project mining/apache-jena-3.1.1/lib/commons-codec-1.10.jar"/>
	<classpathentry kind="lib" path="F:/project mining/apache-jena-3.1.1/lib/commons-csv-1.3.jar"/>
	<classpathentry kind="lib" path="F:/project mining/apache-jena-3.1.1/lib/commons-io-2.5.jar"/>
	<classpathentry kind="lib" path="F:/project mining/apache-jena-3.1.1/lib/commons-lang3-3.4.jar"/>
	<classpathentry kind="lib" path="F:/project mining/apache-jena-3.1.1/lib/httpclient-4.5.2.jar"/>
	<classpathentry kind="lib" path="F:/project mining/apache-jena-3.1.1/lib/httpclient-cache-4.5.2.jar"/>
	<classpathentry kind="lib" path="F:/project mining/apache-jena-3.1.1/lib/httpcore-4.4.4.jar"/>
	<classpathentry kind="lib" path="F:/project mining/apache-jena-3.1.1/lib/jackson-annotations-2.7.0.jar"/>
	<classpathentry kind="lib" path="F:/project mining/apache-jena-3.1.1/lib/jackson-core-2.7.4.jar"/>
	<classpathentry kind="lib" path="F:/project mining/apache-jena-3.1.1/lib/jackson-databind-2.7.4.jar"/>
	<classpathentry kind="lib" path="F:/project mining/apache-jena-3.1.1/lib/jcl-over-slf4j-1.7.21.jar"/>
	<classpathentry kind="lib" path="F:/project mining/apache-jena-3.1.1/lib/jena-arq-3.1.1.jar"/>
	<classpathentry kind="lib" path="F:/project mining/apache-jena-3.1.1/lib/jena-base-3.1.1.jar"/>
	<classpathentry kind="lib" path="F:/project mining/apache-jena-3.1.1/lib/jena-cmds-3.1.1.jar"/>
	<classpathentry kind="lib" path="F:/project mining/apache-jena-3.1.1/lib/jena-core-3.1.1.jar"/>
	<classpathentry kind="lib" path="F:/project mining/apache-jena-3.1.1/lib/jena-iri-3.1.1.jar"/>
	<classpathentry kind="lib" path="F:/project mining/apache-jena-3.1.1/lib/jena-shaded-guava-3.1.1.jar"/>
	<classpathentry kind="lib" path="F:/project mining/apache-jena-3.1.1/lib/jena-tdb-3.1.1.jar"/>
	<classpathentry kind="lib" path="F:/project mining/apache-jena-3.1.1/lib/jsonld-java-0.8.3.jar"/>
	<classpathentry kind="lib" path="F:/project mining/apache-jena-3.1.1/lib/libthrift-0.9.3.jar"/>
	<classpathentry kind="lib" path="F:/project mining/apache-jena-3.1.1/lib/log4j-1.2.17.jar"/>
	<classpathentry kind="lib" path="F:/project mining/apache-jena-3.1.1/lib/slf4j-api-1.7.21.jar"/>
	<classpathentry kind="lib" path="F:/project mining/apache-jena-3.1.1/lib/slf4j-log4j12-1.7.21.jar"/>
	<classpathentry kind="lib" path="F:/project mining/apache-jena-3.1.1/lib/xercesImpl-2.11.0.jar"/>
	<classpathentry kind="lib" path="F:/project mining/apache-jena-3.1.1/lib/xml-apis-1.4.01.jar"/>
	<classpathentry kind="output" path="build/classes"/>
</classpath>
